centre_x,centre_y,radius,rotation,deformation,blur,white_noise,holes,additive_noise_regression,multiplicative_noise_regression,ID_image,shape,color,background_color,pixel_resolution_x,pixel_resolution_y,noise_order,regression_radius,regression_radius_noise,regression_centering,regression_centering_noise,shape_noisy,color_noisy,correct_class,noisy_class
11.218157712364276,19.80007843881023,18.295534508009535,98.29084791013216,1.8534582808199787,24.180235929882,28.48556279288926,4.0972140568592295,6.61277086696348,3.7697312616128977,"ID_2_(1,0,0)_0",2,"(1,0,0)","(0,0,0)",120,120,"[blur, holes, wn]",18.295534508009535,25.597997858800625,49.15349991124808,57.61922563054276,2,"(1,0,0)",False,False
12.248085802917927,24.871020689889193,13.794001889450783,48.77593988047677,38.69217494982522,25.14981616961011,15.57291928188005,25.951852804454727,0.03538215995536065,6.4057118702211335,"ID_2_(1,0,0)_1",2,"(1,0,0)","(0,0,0)",120,120,"[blur, holes, wn]",13.794001889450783,14.712988065817221,45.35055266159194,48.29096055660179,2,"(1,0,0)",False,False
18.050623612541056,25.21978980728278,12.770513895370353,3.343443049330297,59.722197840107874,11.527140322243769,30.03952593787723,23.99523111538653,0.6115970915843076,9.796107181134401,"ID_2_(1,0,0)_2",2,"(1,0,0)","(0,0,0)",120,120,"[blur, holes, wn]",12.770513895370353,14.633124215726802,40.4329255526083,45.00537536779441,2,"(1,0,0)",False,False
17.869736429238344,37.748186262284186,10.639896062778053,45.66730890860278,33.794973705948316,24.088679980938828,14.380930469768328,17.306527994326146,7.091897194388813,5.468354343302168,"ID_2_(1,0,0)_3",2,"(1,0,0)","(0,0,0)",120,120,"[blur, holes, wn]",10.639896062778053,18.313620475638626,34.38692741421215,43.3592236473842,2,"(1,0,0)",False,False
19.713709695590595,25.07194800479782,13.717691669579215,32.22777224303234,32.90167777917519,23.686090808446057,23.59411325518008,19.788082749511318,7.016488337185969,1.6870292677975354,"ID_2_(1,0,0)_4",2,"(1,0,0)","(0,0,0)",120,120,"[blur, holes, wn]",13.717691669579215,20.965601480097213,39.22584806831417,46.9040879429544,2,"(1,0,0)",False,False
41.39633786472823,2.840214119560965,6.280949038007415,54.67271683522067,59.091178641235295,11.031367778245881,21.274863509667444,7.766267792090762,12.16808759823139,3.5486346789126904,"ID_2_(1,0,0)_5",2,"(1,0,0)","(0,0,0)",120,120,"[blur, holes, wn]",6.280949038007415,18.67192457196637,47.938172748100925,61.8074109689085,2,"(1,0,0)",False,False
