centre_x,centre_y,radius,rotation,deformation,blur,white_noise,holes,additive_noise_regression,multiplicative_noise_regression,ID_image,shape,color,background_color,pixel_resolution_x,pixel_resolution_y,noise_order,regression_radius,regression_radius_noise,regression_centering,regression_centering_noise,shape_noisy,color_noisy,correct_class,noisy_class
28.57437581655484,11.06017914432525,12.555226817823096,61.072009405115246,52.996053586960805,1.2872610696485367,27.81980556072824,23.22773297741368,1.6749182865506964,4.713860060669813,"ID_4_(1,0,0)_0",4,"(1,0,0)","(0,0,0)",120,120,"[blur, holes, wn]",12.555226817823096,14.82198092686566,44.445101191495475,48.21509935203637,4,"(1,0,0)",True,True
24.203914024328757,23.533612997381706,13.97424706533231,3.4991764461233927,56.4931509551645,32.878149011371576,26.486084272199882,34.033680261009074,1.6472472205166857,6.8793692581517165,"ID_4_(1,0,0)_1",4,"(1,0,0)","(0,0,0)",120,120,"[blur, holes, wn]",13.97424706533231,16.582834342519632,36.958188438241734,41.1479259125486,4,"(1,0,0)",True,True
21.38433775032364,34.23194399014083,21.54424170008233,45.027489307795015,3.106058775821147,28.92818007269407,20.748498393633618,27.55419648237283,0.8286879046760751,1.400583320876521,"ID_4_(1,0,0)_2",4,"(1,0,0)","(0,0,0)",120,120,"[blur, holes, wn]",21.54424170008233,22.674674660619086,32.672430523571535,33.95872304068572,4,"(1,0,0)",True,True
27.24635278690737,12.346790982680446,14.415475377414666,31.38677223278552,21.455169798382258,1.3391043247096093,30.39627593161373,8.030040914562562,3.659788619150166,6.3327556828036,"ID_4_(1,0,0)_3",4,"(1,0,0)","(0,0,0)",120,120,"[blur, holes, wn]",14.415475377414666,18.98816083273121,43.9942338358089,50.440069798302154,4,"(1,0,0)",True,True
34.63872647545165,11.032231821519696,7.038436145539837,10.773915910328768,45.435772933270265,11.403536176969729,9.641925202783758,22.347889845798573,1.1425846223856553,1.1478908900654636,"ID_4_(1,0,0)_4",4,"(1,0,0)","(0,0,0)",120,120,"[blur, holes, wn]",7.038436145539837,8.26181433524322,41.88622304657908,43.50961580750892,4,"(1,0,0)",True,True
22.094064669493616,22.81372336442076,2.4326339792994647,26.562952948967368,55.83374382118669,4.590467518020539,8.893715891933745,18.398030513739563,5.788554788794866,1.359261518385971,"ID_4_(1,0,0)_5",4,"(1,0,0)","(0,0,0)",120,120,"[blur, holes, wn]",2.4326339792994647,8.254254625658131,38.95940020042205,45.277515123935245,4,"(1,0,0)",True,True
